{
  "block_size": 4,
  "batch_size": 64,
  "embedding_size": 10,
  "layer_one_size": 350,
  "learning_rate": 0.12,
  "learning_rate_decay_after": 30000,
  "training_iterations": 65000,
  "training": {
    "iterations": [
      0,
      1000,
      2000,
      3000,
      4000,
      5000,
      6000,
      7000,
      8000,
      9000,
      10000,
      11000,
      12000,
      13000,
      14000,
      15000,
      16000,
      17000,
      18000,
      19000,
      20000,
      21000,
      22000,
      23000,
      24000,
      25000,
      26000,
      27000,
      28000,
      29000,
      30000,
      31000,
      32000,
      33000,
      34000,
      35000,
      36000,
      37000,
      38000,
      39000,
      40000,
      41000,
      42000,
      43000,
      44000,
      45000,
      46000,
      47000,
      48000,
      49000,
      50000,
      51000,
      52000,
      53000,
      54000,
      55000,
      56000,
      57000,
      58000,
      59000,
      60000,
      61000,
      62000,
      63000,
      64000
    ],
    "devLosses": [
      3.3892433643341064,
      2.0993812084198,
      1.9979867935180664,
      1.9642692804336548,
      1.9036798477172852,
      1.919034481048584,
      1.89790940284729,
      1.8658699989318848,
      1.84218168258667,
      1.8403526544570923,
      1.8292553424835205,
      1.8369380235671997,
      1.8462319374084473,
      1.831673264503479,
      1.8309170007705688,
      1.813396692276001,
      1.8064942359924316,
      1.8145627975463867,
      1.7974010705947876,
      1.8071964979171753,
      1.811184287071228,
      1.8222763538360596,
      1.8211332559585571,
      1.7915745973587036,
      1.8119560480117798,
      1.8040506839752197,
      1.7866873741149902,
      1.8155053853988647,
      1.8175665140151978,
      1.8039302825927734,
      1.7957533597946167,
      1.7137361764907837,
      1.7096401453018188,
      1.7036447525024414,
      1.7046316862106323,
      1.7027523517608643,
      1.6993175745010376,
      1.6985522508621216,
      1.7003594636917114,
      1.6978487968444824,
      1.6961416006088257,
      1.696624755859375,
      1.6980054378509521,
      1.6980862617492676,
      1.6980807781219482,
      1.6971760988235474,
      1.6975994110107422,
      1.700228214263916,
      1.7000905275344849,
      1.6986161470413208,
      1.6966110467910767,
      1.6967469453811646,
      1.6972756385803223,
      1.6992093324661255,
      1.6989704370498657,
      1.697996973991394,
      1.696812629699707,
      1.7023738622665405,
      1.6980611085891724,
      1.6958729028701782,
      1.697919487953186,
      1.6915849447250366,
      1.6908551454544067,
      1.6903101205825806,
      1.6894793510437012
    ],
    "trainLosses": [
      3.3883461952209473,
      2.0845582485198975,
      1.973536491394043,
      1.9310383796691895,
      1.864674687385559,
      1.8651456832885742,
      1.8307116031646729,
      1.7972289323806763,
      1.767341136932373,
      1.7593306303024292,
      1.7423107624053955,
      1.7314618825912476,
      1.7389682531356812,
      1.7204737663269043,
      1.713504433631897,
      1.6916157007217407,
      1.6807479858398438,
      1.676834225654602,
      1.657570719718933,
      1.6585016250610352,
      1.6573131084442139,
      1.6713860034942627,
      1.6599777936935425,
      1.6296964883804321,
      1.6438897848129272,
      1.6402664184570312,
      1.6118232011795044,
      1.6328091621398926,
      1.6343967914581299,
      1.6198023557662964,
      1.6194454431533813,
      1.5294252634048462,
      1.523790955543518,
      1.5186997652053833,
      1.5168793201446533,
      1.5145926475524902,
      1.5125657320022583,
      1.512209177017212,
      1.5102847814559937,
      1.5094102621078491,
      1.5068259239196777,
      1.5066969394683838,
      1.507423758506775,
      1.5052390098571777,
      1.5035792589187622,
      1.502894639968872,
      1.5032768249511719,
      1.5017372369766235,
      1.5025187730789185,
      1.500779151916504,
      1.4993618726730347,
      1.499409794807434,
      1.4978972673416138,
      1.4988638162612915,
      1.4988114833831787,
      1.49653959274292,
      1.4960516691207886,
      1.4978532791137695,
      1.493978500366211,
      1.4934622049331665,
      1.4956473112106323,
      1.4897215366363525,
      1.4881631135940552,
      1.4875257015228271,
      1.4869085550308228
    ]
  },