{
  "block_size": 4,
  "batch_size": 64,
  "embedding_size": 10,
  "layer_one_size": 350,
  "learning_rate": 0.12,
  "learning_rate_decay_after": 30000,
  "training_iterations": 65000,
  "training": {
    "iterations": [
      0,
      1000,
      2000,
      3000,
      4000,
      5000,
      6000,
      7000,
      8000,
      9000,
      10000,
      11000,
      12000,
      13000,
      14000,
      15000,
      16000,
      17000,
      18000,
      19000,
      20000,
      21000,
      22000,
      23000,
      24000,
      25000,
      26000,
      27000,
      28000,
      29000,
      30000,
      31000,
      32000,
      33000,
      34000,
      35000,
      36000,
      37000,
      38000,
      39000,
      40000,
      41000,
      42000,
      43000,
      44000,
      45000,
      46000,
      47000,
      48000,
      49000,
      50000,
      51000,
      52000,
      53000,
      54000,
      55000,
      56000,
      57000,
      58000,
      59000,
      60000,
      61000,
      62000,
      63000,
      64000
    ],
    "devLosses": [
      3.394118070602417,
      2.09911847114563,
      1.9797159433364868,
      2.0185272693634033,
      1.9460561275482178,
      1.88245689868927,
      1.8759316205978394,
      1.8525654077529907,
      1.8302664756774902,
      1.862934947013855,
      1.8359568119049072,
      1.8395358324050903,
      1.8224302530288696,
      1.7811710834503174,
      1.816663384437561,
      1.8159370422363281,
      1.8034117221832275,
      1.7933642864227295,
      1.793357014656067,
      1.7967966794967651,
      1.8034822940826416,
      1.7958984375,
      1.7858895063400269,
      1.8044904470443726,
      1.784156084060669,
      1.785771131515503,
      1.7869040966033936,
      1.8105777502059937,
      1.7951676845550537,
      1.7925139665603638,
      1.7935575246810913,
      1.7031975984573364,
      1.6976581811904907,
      1.6956368684768677,
      1.6946371793746948,
      1.693660855293274,
      1.6923967599868774,
      1.6916701793670654,
      1.6925193071365356,
      1.6925311088562012,
      1.6925188302993774,
      1.6910001039505005,
      1.6893516778945923,
      1.6934583187103271,
      1.6903541088104248,
      1.6880546808242798,
      1.6913022994995117,
      1.6883642673492432,
      1.687134027481079,
      1.6848841905593872,
      1.6890220642089844,
      1.6905937194824219,
      1.6887856721878052,
      1.6903014183044434,
      1.688712477684021,
      1.6890943050384521,
      1.6895451545715332,
      1.6916128396987915,
      1.6890785694122314,
      1.6886414289474487,
      1.6873703002929688,
      1.682740330696106,
      1.681691288948059,
      1.681211233139038,
      1.680331826210022
    ],
    "trainLosses": [
      3.395136594772339,
      2.0874648094177246,
      1.9639452695846558,
      1.9836899042129517,
      1.9010846614837646,
      1.8340892791748047,
      1.8177186250686646,
      1.7913483381271362,
      1.7684522867202759,
      1.7838020324707031,
      1.7543387413024902,
      1.7506999969482422,
      1.729897379875183,
      1.690778136253357,
      1.7143768072128296,
      1.6977192163467407,
      1.6944937705993652,
      1.6767922639846802,
      1.6700947284698486,
      1.6717451810836792,
      1.6657741069793701,
      1.6524814367294312,
      1.6432398557662964,
      1.6555689573287964,
      1.6317678689956665,
      1.6294068098068237,
      1.6306695938110352,
      1.6374537944793701,
      1.629725694656372,
      1.6221953630447388,
      1.6253029108047485,
      1.5314675569534302,
      1.5238085985183716,
      1.5209026336669922,
      1.5173356533050537,
      1.5169638395309448,
      1.5144869089126587,
      1.5132750272750854,
      1.5122036933898926,
      1.5115337371826172,
      1.509779453277588,
      1.510452151298523,
      1.5084264278411865,
      1.5085738897323608,
      1.5069128274917603,
      1.506001353263855,
      1.5056281089782715,
      1.5039700269699097,
      1.5024646520614624,
      1.5019519329071045,
      1.5013090372085571,
      1.5032026767730713,
      1.5015149116516113,
      1.5008941888809204,
      1.4985144138336182,
      1.4987401962280273,
      1.4983717203140259,
      1.498885154724121,
      1.4970364570617676,
      1.49662446975708,
      1.4961633682250977,
      1.4904812574386597,
      1.4893741607666016,
      1.4886456727981567,
      1.4883313179016113
    ]
  },